"Component";"ComponentId";"ComponentTypeId";"ComponentTypeName";"JobId";"JobName";"UploadClass";"WhoToNotify";"WhoToNotifyNames";"WhoToNotifyEMails";"WhoToNotifyAdditional";"Execution";"IpOrComputerName";"UploadAgent";"CompareAgent";"LastCheck (local)";"LastCheck (UTC)";"NextStart (local)";"NextStart (UTC)";"JobStart (local)";"JobStart (UTC)";"JobFinish (local)";"JobFinish (UTC)";"ResultVersionVsBackup";"WarningVersionVsBackup";"ErrorVersionVsBackup";"ResultBackupVsPreBackups";"WarningBackupVsPreBackup";"ErrorBackupVsPreBackup";"DirBackup";"TimestampBackup (local)";"TimestampBackup (UTC)";"DirPreBackup";"TimestampPreBackup (local)";"TimestampPreBackup (UTC)";"OutOfDate";"VersionVsBackupVersionNumber";"DeactivatedComment"
"\BMB\FCEV\BPP-Montage\Laser-Welding\20\IPC_Beckhoff\Images";"5002812ADD654F129E1241BF13233C7B";"310DFC71DDDE4A298B567AFECDB16B93";"Images";"9D9CC29447A54D6D871D745384D4C966";"Image_Beckhoff";"DiskImage";"";"";"";"";"0";"";"";"";"2022-11-25T13:13:20+0100";"2022-11-25T12:13:20Z";"";"";"2022-11-25T13:13:20+0100";"2022-11-25T12:13:20Z";"2022-11-25T13:13:32+0100";"2022-11-25T12:13:32Z";"1";"";"Error connecting to target system [Provider: ][Error text: ]";"1";"";"Error connecting to target system [Provider: ][Error text: ]";"";"";"";"";"";"";"N";"";""
"\BMB\FCEV\BPP-Montage\Laser-Welding\10\IPC_Vision\Images";"A27DCED83F814BE598C1B4DD0D8ADB19";"310DFC71DDDE4A298B567AFECDB16B93";"Images";"14495EE4849D48E1BF2CECBC8EF15BA8";"Image_Vision";"DiskImage";"";"";"";"";"0";"";"";"";"2022-11-25T13:14:06+0100";"2022-11-25T12:14:06Z";"";"";"2022-11-25T13:14:06+0100";"2022-11-25T12:14:06Z";"2022-11-25T13:14:40+0100";"2022-11-25T12:14:40Z";"1";"";"Error connecting to target system [Provider: ][Error text: ]";"1";"";"Error connecting to target system [Provider: ][Error text: ]";"";"";"";"";"";"";"N";"";""
"\BMB\CRI3\12_SMM\12_HVL\010\Safety_Validation_W4370";"0057AB6A3DE1496EB267BE61280222ED";"D75DB95E6B8D4D6197F3CEC05CE14ED7";"Documentation";"";"";"";"";"";"";"";"";"";"";"";"";"";"";"";"";"";"";"";"";"";"";"";"";"";"";"";"";"";"";"";"";"";""
"\BMB\Extern\RBCD\FCEV\FCEV_Stacker2\Delivery_documentation\07_Inspection_documents_certificates\E-acceptance protocol";"02630EC69810463896B7382CACA347A0";"1E29C6CDBF5A4085AA21C0A0D3F8CFAD";"PDF";"";"";"";"";"";"";"";"";"";"";"";"";"";"";"";"";"";"";"";"";"";"";"";"";"";"";"";"";"";"";"";"";"";""
"\BMB\SOFC\43_Coupon\160\Test1\EPLAN_O1007";"04A2F32E8BF24903A362E563406468DB";"578D38BD5AB34D94ABDC540F327CC9B3";"E-Plan#";"";"";"";"";"";"";"";"";"";"";"";"";"";"";"";"";"";"";"";"";"";"";"";"";"";"";"";"";"";"";"";"";"";""
"\BMB\HDEV6\230\Staeubli_C180A740";"07A31AAB949A46008AE1706679FEEEC6";"899CB500D3684F61872B56F71BD11F38";"Stäubli CS8C (SRS TransferManager Skript)";"";"";"";"";"";"";"";"";"";"";"";"";"";"";"";"";"";"";"";"";"";"";"";"";"";"";"";"";"";"";"";"";"";""
"\BMB\SE\406_Grauraum\070_Laserabgleich\LSU5.2 Selektion MAE0001W2824\Safety_Validation";"093EB6BA390646B2885326044F80C99B";"D75DB95E6B8D4D6197F3CEC05CE14ED7";"Documentation";"";"";"";"";"";"";"";"";"";"";"";"";"";"";"";"";"";"";"";"";"";"";"";"";"";"";"";"";"";"";"";"";"";""
"\BMB\Nozzle\11_Soft\70\200\Safety_Validation";"097E7511BE9247D0A648E28928DD7518";"D75DB95E6B8D4D6197F3CEC05CE14ED7";"Documentation";"";"";"";"";"";"";"";"";"";"";"";"";"";"";"";"";"";"";"";"";"";"";"";"";"";"";"";"";"";"";"";"";"";""
"\BMB\FCEV\30_Front\MEA_HVL\St50\NEXEED_000A620\PLC";"0A685130DA81410EA47360FE8408590A";"EB3615946F9A4172A194E56AAC3F564C";"ControlPlus_CPS5.x";"";"";"";"";"";"";"";"";"";"";"";"";"";"";"";"";"";"";"";"";"";"";"";"";"";"";"";"";"";"";"";"";"";""
"\BMB\Extern\RBCD\FCEV\FCEV_Stacker2\OPCON_000A620\SettingData\TypeData";"0A9B3E64CBBC48ACA0D0901A831C0A11";"56C7E3817715414EB1772B1FAE3A1A54";"SettingData";"";"";"";"";"";"";"";"";"";"";"";"";"";"";"";"";"";"";"";"";"";"";"";"";"";"";"";"";"";"";"";"";"";""
"\BMB\Extern\RBCD\FCEV\FCEV_Stacker2\IndraDrive_104A713";"0AA2A68455E844789FA423FADF2FECC4";"B4C165C587D24B57874A09F0BB119986";"IndraDrive";"";"";"";"";"";"";"";"";"";"";"";"";"";"";"";"";"";"";"";"";"";"";"";"";"";"";"";"";"";"";"";"";"";""
"\BMB\FCEV\30_Front\SL01\60\EPLAN_MAE0001W2795-60";"0AAF7CD43ACE4439B8C2E4542A66B16B";"3E8D36E2622C4FF696EC7BE6276A7AA1";"EPLAN P8";"";"";"";"";"";"";"";"";"";"";"";"";"";"";"";"";"";"";"";"";"";"";"";"";"";"";"";"";"";"";"";"";"";""
"\BMB\SOFC\44_Repeat\420\BA302173477_O1003_TruLaser Cell 3000";"0ACCE89FDF6748B6B10DDFAF3725A791";"56B97048E7C74A6B8D6CD6E4612881F2";"(_Equip-Nr_SP-Nr_Man-Name_O-MAE-Typ_O-Name-Plain-Text_)#";"";"";"";"";"";"";"";"";"";"";"";"";"";"";"";"";"";"";"";"";"";"";"";"";"";"";"";"";"";"";"";"";"";""
"\BMB\Extern\RBCD\FCEV\FCEV_Stacker2\E-Plan_O1056";"0B8ACC9B35DB4535B535CCA4C9BC6CC3";"578D38BD5AB34D94ABDC540F327CC9B3";"E-Plan#";"";"";"";"";"";"";"";"";"";"";"";"";"";"";"";"";"";"";"";"";"";"";"";"";"";"";"";"";"";"";"";"";"";""
"\BMB\FCEV\30_Front\SL01\70\Safety_Validation_MAE0001W2795-70";"0BF177E897924629A7766BD7CA8BE6D3";"D75DB95E6B8D4D6197F3CEC05CE14ED7";"Documentation";"";"";"";"";"";"";"";"";"";"";"";"";"";"";"";"";"";"";"";"";"";"";"";"";"";"";"";"";"";"";"";"";"";""
"\BMB\Extern\RBCD\FCEV\FCEV_Stacker2\Cognex_104B851";"0CB1495783C74594992E79C89761FC23";"2763AB9E45954774991A13206C610A2F";"In-Sight";"";"";"";"";"";"";"";"";"";"";"";"";"";"";"";"";"";"";"";"";"";"";"";"";"";"";"";"";"";"";"";"";"";""
"\BMB\Extern\RBCD\FCEV\FCEV_Stacker2\IndraDrive_104A712";"0CC730B4299A4F04ABCE877FA96B5D1A";"B4C165C587D24B57874A09F0BB119986";"IndraDrive";"";"";"";"";"";"";"";"";"";"";"";"";"";"";"";"";"";"";"";"";"";"";"";"";"";"";"";"";"";"";"";"";"";""
"\BMB\SOFC\44_Repeat\420\EPLAN_O1003";"0EDD24D331634BC0B839F72F7B939280";"578D38BD5AB34D94ABDC540F327CC9B3";"E-Plan#";"";"";"";"";"";"";"";"";"";"";"";"";"";"";"";"";"";"";"";"";"";"";"";"";"";"";"";"";"";"";"";"";"";""
"\BMB\FCEV\35_StackA\SL01\FCEV_Teilebereitstellungsplatz1\MAE0001W2829_FCEV_Teilebereitstellungsplatz";"129DC13D065F418A914420D8E93818A3";"56B97048E7C74A6B8D6CD6E4612881F2";"(_Equip-Nr_SP-Nr_Man-Name_O-MAE-Typ_O-Name-Plain-Text_)#";"";"";"";"";"";"";"";"";"";"";"";"";"";"";"";"";"";"";"";"";"";"";"";"";"";"";"";"";"";"";"";"";"";""
"\BMB\SE\TP3\TL01\40\Sistema";"152F544FD90444DAA622E68E7FD079DC";"D75DB95E6B8D4D6197F3CEC05CE14ED7";"Documentation";"";"";"";"";"";"";"";"";"";"";"";"";"";"";"";"";"";"";"";"";"";"";"";"";"";"";"";"";"";"";"";"";"";""
"\BMB\HDEV6\230\Staeubli_C160A740";"16E28D3229834192AA1331F9C2B4242C";"899CB500D3684F61872B56F71BD11F38";"Stäubli CS8C (SRS TransferManager Skript)";"";"";"";"";"";"";"";"";"";"";"";"";"";"";"";"";"";"";"";"";"";"";"";"";"";"";"";"";"";"";"";"";"";""
"\BMB\Extern\RBCD\FCEV\FCEV_Stacker2\Delivery_documentation\07_Inspection_documents_certificates\SafetyLightCurtains_protocol";"176C65ECF540487B8B1738077C2E0E38";"6A8DD088C1FB40AB9E447C52D4E0C4BB";"PDF_(D)#";"";"";"";"";"";"";"";"";"";"";"";"";"";"";"";"";"";"";"";"";"";"";"";"";"";"";"";"";"";"";"";"";"";""
"\BMB\FCEV\30_Front\SL01\41\(_302196216_MAE0001W2795-41_BaP-TEF_FCEV-MEA-LVL-SL01-St41_)";"184086D9BE7245AF9C7F0E6CEB5DBB7C";"56B97048E7C74A6B8D6CD6E4612881F2";"(_Equip-Nr_SP-Nr_Man-Name_O-MAE-Typ_O-Name-Plain-Text_)#";"";"";"";"";"";"";"";"";"";"";"";"";"";"";"";"";"";"";"";"";"";"";"";"";"";"";"";"";"";"";"";"";"";""
"\BMB\SOFC\43_Coupon\161\Test2\Sistema";"1A7FFB66D67541B8AACAD1C73C0EE31C";"D75DB95E6B8D4D6197F3CEC05CE14ED7";"Documentation";"";"";"";"";"";"";"";"";"";"";"";"";"";"";"";"";"";"";"";"";"";"";"";"";"";"";"";"";"";"";"";"";"";""
"\BMB\FCEV\30_Front\SL01\20\Sistema_MAE0001W2795-20";"1A848C75547A43198BF23BB0BDD69885";"D75DB95E6B8D4D6197F3CEC05CE14ED7";"Documentation";"";"";"";"";"";"";"";"";"";"";"";"";"";"";"";"";"";"";"";"";"";"";"";"";"";"";"";"";"";"";"";"";"";""
"\BMB\SE\TP3\TL01\10\Sistema";"1C5816B46B7940CA88EC9056A8E96C18";"D75DB95E6B8D4D6197F3CEC05CE14ED7";"Documentation";"";"";"";"";"";"";"";"";"";"";"";"";"";"";"";"";"";"";"";"";"";"";"";"";"";"";"";"";"";"";"";"";"";""
"\BMB\Extern\RBCD\FCEV\FCEV_Stacker2\OPCON_000A620\DriveSnapShot";"1D89FE3636C84AA6A60A947A199E3C68";"EF23FBF2678E42728E23ADBC1F7A14E5";"DriveSnapShot";"";"";"";"";"";"";"";"";"";"";"";"";"";"";"";"";"";"";"";"";"";"";"";"";"";"";"";"";"";"";"";"";"";""
"\BMB\Extern\RBCD\FCEV\FCEV_Stacker2\OPCON_000A620\HDE2_000A620";"20438D330C7C4CFEA90A829C848BE5B5";"6D612CCBD6C84D48A3D0A5282B0BAD26";"HDE2";"";"";"";"";"";"";"";"";"";"";"";"";"";"";"";"";"";"";"";"";"";"";"";"";"";"";"";"";"";"";"";"";"";""
"\BMB\FCEV\30_Front\SL01\41\NEXEED_000A620\TortoiseHg";"22D2011DD7F14658AFAD31F83689A46C";"0FA311EBEA30478A89F1F7A160FC2A17";"TortoiseHg";"";"";"";"";"";"";"";"";"";"";"";"";"";"";"";"";"";"";"";"";"";"";"";"";"";"";"";"";"";"";"";"";"";""
"\BMB\Extern\RBCD\FCEV\AOI-Cell_RBCD-1\Delivery_documentation\07_Inspection_documents_certificates\E-acceptance protocol";"24E65FC524424A5C808737921623E550";"1E29C6CDBF5A4085AA21C0A0D3F8CFAD";"PDF";"";"";"";"";"";"";"";"";"";"";"";"";"";"";"";"";"";"";"";"";"";"";"";"";"";"";"";"";"";"";"";"";"";""
"\BMB\Extern\RBCD\FCEV\FCEV_Stacker2\IndraDrive_100A711";"25E46FBC060B468A936F201C699BADC2";"B4C165C587D24B57874A09F0BB119986";"IndraDrive";"";"";"";"";"";"";"";"";"";"";"";"";"";"";"";"";"";"";"";"";"";"";"";"";"";"";"";"";"";"";"";"";"";""
"\BMB\SOFC\43_Coupon\140\Handling\Sistema";"26B72FCE8A934FC197B8CEC0B4CD2223";"D75DB95E6B8D4D6197F3CEC05CE14ED7";"Documentation";"";"";"";"";"";"";"";"";"";"";"";"";"";"";"";"";"";"";"";"";"";"";"";"";"";"";"";"";"";"";"";"";"";""
"\BMB\Extern\RBCD\FCEV\FCEV_Stacker2\Delivery_documentation\07_Inspection_documents_certificates\RCD_protocol";"2A445F49BA03424F97C9CBC26DF02912";"1E29C6CDBF5A4085AA21C0A0D3F8CFAD";"PDF";"";"";"";"";"";"";"";"";"";"";"";"";"";"";"";"";"";"";"";"";"";"";"";"";"";"";"";"";"";"";"";"";"";""
"\BMB\SE\TP3\TL01\20.1\Eplan_MAE0001W2806-01";"2ACC473DD92E45A19A52B41139BE12A5";"578D38BD5AB34D94ABDC540F327CC9B3";"E-Plan#";"";"";"";"";"";"";"";"";"";"";"";"";"";"";"";"";"";"";"";"";"";"";"";"";"";"";"";"";"";"";"";"";"";""
"\BMB\FCEV\30_Front\SL01\60\Sistema_MAE0001W2795-60";"2AFD4E873EDF40308FCEDC1DE088A23C";"D75DB95E6B8D4D6197F3CEC05CE14ED7";"Documentation";"";"";"";"";"";"";"";"";"";"";"";"";"";"";"";"";"";"";"";"";"";"";"";"";"";"";"";"";"";"";"";"";"";""
"\BMB\FCEV\35_StackA\SL01\510\Validierung";"2BE238D8846D4F35ADECA9A8BE98A86E";"D75DB95E6B8D4D6197F3CEC05CE14ED7";"Documentation";"";"";"";"";"";"";"";"";"";"";"";"";"";"";"";"";"";"";"";"";"";"";"";"";"";"";"";"";"";"";"";"";"";""
"\BMB\Extern\RBCD\FCEV\FCEV_Stacker2\Delivery_documentation\06_Documentation_electrical\IT-Security_questionaire";"2F5E20C6C6834A28BEF23A836F3191D8";"A03F23EA8CC44772AA41F3BFF74F79A5";"Excel";"";"";"";"";"";"";"";"";"";"";"";"";"";"";"";"";"";"";"";"";"";"";"";"";"";"";"";"";"";"";"";"";"";""
"\BMB\TEF3\Training\Roboter\Staubli_CS9\Safety_Validation";"2F8E5046A09D45C0BA56710BFD953C3D";"D75DB95E6B8D4D6197F3CEC05CE14ED7";"Documentation";"";"";"";"";"";"";"";"";"";"";"";"";"";"";"";"";"";"";"";"";"";"";"";"";"";"";"";"";"";"";"";"";"";""
"\BMB\SE\TP3\TL01\20.4\Validierung";"328E6D05DB2D46C8AEDD6A0529011472";"D75DB95E6B8D4D6197F3CEC05CE14ED7";"Documentation";"";"";"";"";"";"";"";"";"";"";"";"";"";"";"";"";"";"";"";"";"";"";"";"";"";"";"";"";"";"";"";"";"";""
"\BMB\SE\406_Grauraum\070_Laserabgleich\LSU5.2 Selektion MAE0001W2824\E-Plan_MAE0001W2824";"364F4D53C45541A88A9DA5F64C21F93A";"578D38BD5AB34D94ABDC540F327CC9B3";"E-Plan#";"";"";"";"";"";"";"";"";"";"";"";"";"";"";"";"";"";"";"";"";"";"";"";"";"";"";"";"";"";"";"";"";"";""
"\BMB\SE\TP3\TL01\20.3\Validierung";"366EC7185D96479EBFCB690258CAAD68";"D75DB95E6B8D4D6197F3CEC05CE14ED7";"Documentation";"";"";"";"";"";"";"";"";"";"";"";"";"";"";"";"";"";"";"";"";"";"";"";"";"";"";"";"";"";"";"";"";"";""
"\BMB\Extern\RBCD\FCEV\FCEV_Stacker2\Keyence_Scanner_101A830";"36F055D1AC1344D2BDDBA87C5500431F";"927E876868C6494F82DCD619F5909AF4";"Keyence Scanner";"";"";"";"";"";"";"";"";"";"";"";"";"";"";"";"";"";"";"";"";"";"";"";"";"";"";"";"";"";"";"";"";"";""
"\BMB\FCEV\30_Front\SL01\50\Safety_Validation_MAE0001W2795-50";"3830E40872384A82B4A3EC332EE32F47";"D75DB95E6B8D4D6197F3CEC05CE14ED7";"Documentation";"";"";"";"";"";"";"";"";"";"";"";"";"";"";"";"";"";"";"";"";"";"";"";"";"";"";"";"";"";"";"";"";"";""
"\BMB\SOFC\43_Coupon\160\Test1\Sistema";"38DF053BAD6E402AB21E5FAE01E4E639";"D75DB95E6B8D4D6197F3CEC05CE14ED7";"Documentation";"";"";"";"";"";"";"";"";"";"";"";"";"";"";"";"";"";"";"";"";"";"";"";"";"";"";"";"";"";"";"";"";"";""
"\BMB\SE\TP3\TL01\20.6\Sistema";"39A5A0D815BA480F8219D0CFC78B1D6A";"D75DB95E6B8D4D6197F3CEC05CE14ED7";"Documentation";"";"";"";"";"";"";"";"";"";"";"";"";"";"";"";"";"";"";"";"";"";"";"";"";"";"";"";"";"";"";"";"";"";""
"\BMB\FCEV\30_Front\SL01\70\Sistema_MAE0001W2795-70";"3A9FA61134DB4D70ABDAEF94E936C1AE";"D75DB95E6B8D4D6197F3CEC05CE14ED7";"Documentation";"";"";"";"";"";"";"";"";"";"";"";"";"";"";"";"";"";"";"";"";"";"";"";"";"";"";"";"";"";"";"";"";"";""
"\BMB\FCEV\30_Front\SL01\50\Sistema_MAE0001W2795-50";"3F831C42BC7E4C529533AF06F4E0E09A";"D75DB95E6B8D4D6197F3CEC05CE14ED7";"Documentation";"";"";"";"";"";"";"";"";"";"";"";"";"";"";"";"";"";"";"";"";"";"";"";"";"";"";"";"";"";"";"";"";"";""
"\BMB\Extern\RBCD\FCEV\FCEV_Stacker2\Delivery_documentation\04_Drawings_mechanical\PDF";"40A13E80AD9C41909F560B6A22D008FA";"1E29C6CDBF5A4085AA21C0A0D3F8CFAD";"PDF";"";"";"";"";"";"";"";"";"";"";"";"";"";"";"";"";"";"";"";"";"";"";"";"";"";"";"";"";"";"";"";"";"";""
"\BMB\CRI3\12_SMM\12_HVL\011\Sistema_W4451";"42498C3BC9E543EDB3C6B4C8F467A195";"D75DB95E6B8D4D6197F3CEC05CE14ED7";"Documentation";"";"";"";"";"";"";"";"";"";"";"";"";"";"";"";"";"";"";"";"";"";"";"";"";"";"";"";"";"";"";"";"";"";""
"\BMB\SE\TP3\TL01\20.3\Sistema";"4256E154546F44AF800DA5FECC83AB9A";"D75DB95E6B8D4D6197F3CEC05CE14ED7";"Documentation";"";"";"";"";"";"";"";"";"";"";"";"";"";"";"";"";"";"";"";"";"";"";"";"";"";"";"";"";"";"";"";"";"";""
"\BMB\FCEV\BPP-Montage\AOI-Cell_BaP-1\Sistema_MAE0001W2827";"42DAF4505F1C408FAB9CF9894DC828A9";"D75DB95E6B8D4D6197F3CEC05CE14ED7";"Documentation";"";"";"";"";"";"";"";"";"";"";"";"";"";"";"";"";"";"";"";"";"";"";"";"";"";"";"";"";"";"";"";"";"";""
"\BMB\Extern\RBCD\FCEV\AOI-Cell_RBCD-1\E-Plan_MAE0001W2828";"43A21781E2BA412C8381098DB4B8DD80";"578D38BD5AB34D94ABDC540F327CC9B3";"E-Plan#";"";"";"";"";"";"";"";"";"";"";"";"";"";"";"";"";"";"";"";"";"";"";"";"";"";"";"";"";"";"";"";"";"";""
"\BMB\SE\TP3\TL01\40\Validierung";"43E59301C6574AC081FA812F531D097D";"D75DB95E6B8D4D6197F3CEC05CE14ED7";"Documentation";"";"";"";"";"";"";"";"";"";"";"";"";"";"";"";"";"";"";"";"";"";"";"";"";"";"";"";"";"";"";"";"";"";""
"\BMB\HDEV6\545\PLC_000A620";"4616BABEF9D44560B299F113D903E0EF";"44EF6F4AC8FE4F05AB06EABDF1373431";"OpConplus_OES4.x";"";"";"";"";"";"";"";"";"";"";"";"";"";"";"";"";"";"";"";"";"";"";"";"";"";"";"";"";"";"";"";"";"";""
"\BMB\SE\TP3\TL01\20.1\Validierung";"46DE4C34A84F455290E53212638CA23B";"D75DB95E6B8D4D6197F3CEC05CE14ED7";"Documentation";"";"";"";"";"";"";"";"";"";"";"";"";"";"";"";"";"";"";"";"";"";"";"";"";"";"";"";"";"";"";"";"";"";""
"\BMB\FCEV\30_Front\SL01\70\(_302196219_MAE0001W2795-70_BaP-TEF_FCEV-MEA-LVL-SL01-St70_)";"47026EAB89EE4A968E61DFDBBBCF04C3";"56B97048E7C74A6B8D6CD6E4612881F2";"(_Equip-Nr_SP-Nr_Man-Name_O-MAE-Typ_O-Name-Plain-Text_)#";"";"";"";"";"";"";"";"";"";"";"";"";"";"";"";"";"";"";"";"";"";"";"";"";"";"";"";"";"";"";"";"";"";""
"\BMB\FCEV\30_Front\SL01\30\Safety_Validation_MAE0001W2795-30_MA2100003_21093";"4796F6043DB7484781E08364CADFB873";"D75DB95E6B8D4D6197F3CEC05CE14ED7";"Documentation";"";"";"";"";"";"";"";"";"";"";"";"";"";"";"";"";"";"";"";"";"";"";"";"";"";"";"";"";"";"";"";"";"";""
"\BMB\SE\TP3\TL01\20.4\Sistema";"49848BE2B19E4B08864205CFD56A83A6";"D75DB95E6B8D4D6197F3CEC05CE14ED7";"Documentation";"";"";"";"";"";"";"";"";"";"";"";"";"";"";"";"";"";"";"";"";"";"";"";"";"";"";"";"";"";"";"";"";"";""
"\BMB\FCEV\30_Front\SL01\20\EPLAN_MAE0001W2795-20";"4A92B08EBFBC4EEAB9EA25855786224A";"3E8D36E2622C4FF696EC7BE6276A7AA1";"EPLAN P8";"";"";"";"";"";"";"";"";"";"";"";"";"";"";"";"";"";"";"";"";"";"";"";"";"";"";"";"";"";"";"";"";"";""
"\BMB\TEF3\Training\Roboter\Staubli_CS9\Delivery_doc_with_elemements\Delivery_documentation\07_Inspection_documents_certificates\Sicherheitsvalidierung";"4B41CE0FE5CF48D4B214B20AF389C4CD";"1E29C6CDBF5A4085AA21C0A0D3F8CFAD";"PDF";"";"";"";"";"";"";"";"";"";"";"";"";"";"";"";"";"";"";"";"";"";"";"";"";"";"";"";"";"";"";"";"";"";""
"\BMB\Extern\RBCD\FCEV\FCEV_Teilebereitstellungsplatz2\MAE0001W2830_FCEV_Teilebereitstellungsplatz";"4D69214C1A4443F4B099B01AC66CC2C8";"56B97048E7C74A6B8D6CD6E4612881F2";"(_Equip-Nr_SP-Nr_Man-Name_O-MAE-Typ_O-Name-Plain-Text_)#";"";"";"";"";"";"";"";"";"";"";"";"";"";"";"";"";"";"";"";"";"";"";"";"";"";"";"";"";"";"";"";"";"";""
"\BMB\Extern\RBCD\FCEV\FCEV_Stacker2\Delivery_documentation\07_Inspection_documents_certificates\DGUV_protocol";"5007E37D4BBD45368200C49DA4EC7F45";"1E29C6CDBF5A4085AA21C0A0D3F8CFAD";"PDF";"";"";"";"";"";"";"";"";"";"";"";"";"";"";"";"";"";"";"";"";"";"";"";"";"";"";"";"";"";"";"";"";"";""
"\BMB\FCEV\30_Front\SL01\60\Safety_Validation_MAE0001W2795-60";"503BE2FC40954A5588E5EEEAB3BB4929";"D75DB95E6B8D4D6197F3CEC05CE14ED7";"Documentation";"";"";"";"";"";"";"";"";"";"";"";"";"";"";"";"";"";"";"";"";"";"";"";"";"";"";"";"";"";"";"";"";"";""
"\BMB\Extern\RBCD\FCEV\FCEV_Stacker2\Cognex_105B851";"51A76F9774014D8F942C74FBD9E17F5C";"2763AB9E45954774991A13206C610A2F";"In-Sight";"";"";"";"";"";"";"";"";"";"";"";"";"";"";"";"";"";"";"";"";"";"";"";"";"";"";"";"";"";"";"";"";"";""
"\BMB\Extern\RBCD\FCEV\FCEV_Stacker2\Delivery_documentation\03_List_of_mechanical_Material\PDF";"571C851EB264413181AE153E9E028F5A";"1E29C6CDBF5A4085AA21C0A0D3F8CFAD";"PDF";"";"";"";"";"";"";"";"";"";"";"";"";"";"";"";"";"";"";"";"";"";"";"";"";"";"";"";"";"";"";"";"";"";""
"\BMB\FCEV\35_StackA\SL01\530\OPCON\Acronis";"5883590484C04091BBD1C4F3E7C7792C";"0441EBE8C1F94D2B916F50F95B516655";"Acronis";"";"";"";"";"";"";"";"";"";"";"";"";"";"";"";"";"";"";"";"";"";"";"";"";"";"";"";"";"";"";"";"";"";""
"\BMB\CRI3\12_SMM\12_HVL\011\EPLAN_W4451";"5A3911E1C989452EB1B7AC4E33525C62";"3E8D36E2622C4FF696EC7BE6276A7AA1";"EPLAN P8";"";"";"";"";"";"";"";"";"";"";"";"";"";"";"";"";"";"";"";"";"";"";"";"";"";"";"";"";"";"";"";"";"";""
"\BMB\FCEV\30_Front\SL01\SW_Std\TortoiseHg";"5C1D839A15954F33A75528CFEC38F062";"0FA311EBEA30478A89F1F7A160FC2A17";"TortoiseHg";"";"";"";"";"";"";"";"";"";"";"";"";"";"";"";"";"";"";"";"";"";"";"";"";"";"";"";"";"";"";"";"";"";""
"\BMB\FCEV\30_Front\SL01\40\Safety_Validation_MAE0001W2795-40_MA2100004_21094";"5CD207EB59644BE0BBE912718E4C95E6";"D75DB95E6B8D4D6197F3CEC05CE14ED7";"Documentation";"";"";"";"";"";"";"";"";"";"";"";"";"";"";"";"";"";"";"";"";"";"";"";"";"";"";"";"";"";"";"";"";"";""
"\BMB\SE\TP3\TL01\10\Validierung";"5CD3D9B19C884E2CA7C1D9FD437598D9";"D75DB95E6B8D4D6197F3CEC05CE14ED7";"Documentation";"";"";"";"";"";"";"";"";"";"";"";"";"";"";"";"";"";"";"";"";"";"";"";"";"";"";"";"";"";"";"";"";"";""
"\BMB\SOFC\43_Coupon\161\BA302176705_O1008_TEF_Pruefstand2";"5D5E15CE56FA46A698D53B094F39C757";"56B97048E7C74A6B8D6CD6E4612881F2";"(_Equip-Nr_SP-Nr_Man-Name_O-MAE-Typ_O-Name-Plain-Text_)#";"";"";"";"";"";"";"";"";"";"";"";"";"";"";"";"";"";"";"";"";"";"";"";"";"";"";"";"";"";"";"";"";"";""
"\BMB\FCEV\BPP-Montage\Laser-Welding\10\M.5180254.010_ATMO_Laser-Welding";"6135B467358942B5BC64197883DDF296";"56B97048E7C74A6B8D6CD6E4612881F2";"(_Equip-Nr_SP-Nr_Man-Name_O-MAE-Typ_O-Name-Plain-Text_)#";"";"";"";"";"";"";"";"";"";"";"";"";"";"";"";"";"";"";"";"";"";"";"";"";"";"";"";"";"";"";"";"";"";""
"\BMB\HDEV6\220\Staeubli_A150A740";"6424C89C50EC4C3C9872729E5A879976";"899CB500D3684F61872B56F71BD11F38";"Stäubli CS8C (SRS TransferManager Skript)";"";"";"";"";"";"";"";"";"";"";"";"";"";"";"";"";"";"";"";"";"";"";"";"";"";"";"";"";"";"";"";"";"";""
"\BMB\SE\TP3\TL01\20.1\Sistema";"645D9BD40206449A9AB0EB429FD10BD0";"D75DB95E6B8D4D6197F3CEC05CE14ED7";"Documentation";"";"";"";"";"";"";"";"";"";"";"";"";"";"";"";"";"";"";"";"";"";"";"";"";"";"";"";"";"";"";"";"";"";""
"\BMB\SOFC\43_Coupon\140\Handling\BA302194094_O1044_Coupon_Handling";"6741F8417D2F49EC8C8FD8363DFB96EF";"56B97048E7C74A6B8D6CD6E4612881F2";"(_Equip-Nr_SP-Nr_Man-Name_O-MAE-Typ_O-Name-Plain-Text_)#";"";"";"";"";"";"";"";"";"";"";"";"";"";"";"";"";"";"";"";"";"";"";"";"";"";"";"";"";"";"";"";"";"";""
"\BMB\FCEV\30_Front\SL01\70\EPLAN_MAE0001W2795-70";"68026688095E4615BEE71FE46512DF5D";"3E8D36E2622C4FF696EC7BE6276A7AA1";"EPLAN P8";"";"";"";"";"";"";"";"";"";"";"";"";"";"";"";"";"";"";"";"";"";"";"";"";"";"";"";"";"";"";"";"";"";""
"\BMB\TEF3\Training\Roboter\Staubli_CS9\(_000302195037_BaP-TEF_TEF3-CS9-Schulungszelle_)";"681DC316A97E48969EAC340C3026C2D0";"56B97048E7C74A6B8D6CD6E4612881F2";"(_Equip-Nr_SP-Nr_Man-Name_O-MAE-Typ_O-Name-Plain-Text_)#";"";"";"";"";"";"";"";"";"";"";"";"";"";"";"";"";"";"";"";"";"";"";"";"";"";"";"";"";"";"";"";"";"";""
"\BMB\SE\TP3\TL01\20.4\Eplan_MAE0001W2806-04";"682C5CB10991436A84519D4FA470EACA";"578D38BD5AB34D94ABDC540F327CC9B3";"E-Plan#";"";"";"";"";"";"";"";"";"";"";"";"";"";"";"";"";"";"";"";"";"";"";"";"";"";"";"";"";"";"";"";"";"";""
"\BMB\FCEV\30_Front\MEA_HVL\St50\NEXEED_000A620\Std";"684969E2644F4F5A9BF0C36B440D83BC";"ADCB4125D594406CB3F73754B6F9DDD2";"ControlPlus_CPS5.x_Std";"";"";"";"";"";"";"";"";"";"";"";"";"";"";"";"";"";"";"";"";"";"";"";"";"";"";"";"";"";"";"";"";"";""
"\BMB\TEF3\Training\Roboter\Staubli_CS9\Sistema";"68527F3093CB42E2A4E19B26B2D790BE";"D75DB95E6B8D4D6197F3CEC05CE14ED7";"Documentation";"";"";"";"";"";"";"";"";"";"";"";"";"";"";"";"";"";"";"";"";"";"";"";"";"";"";"";"";"";"";"";"";"";""
"\BMB\FCEV\30_Front\SL01\50\(_302196217_MAE0001W2795-50_BaP-TEF_FCEV-MEA-LVL-SL01-St50_)";"6953F1887A594253878829320C6153B5";"56B97048E7C74A6B8D6CD6E4612881F2";"(_Equip-Nr_SP-Nr_Man-Name_O-MAE-Typ_O-Name-Plain-Text_)#";"";"";"";"";"";"";"";"";"";"";"";"";"";"";"";"";"";"";"";"";"";"";"";"";"";"";"";"";"";"";"";"";"";""
"\BMB\FCEV\30_Front\SL01\20\NEXEED_000A620\TortoiseHg";"69585BB4903A49FAB4207CBA98EBECE5";"0FA311EBEA30478A89F1F7A160FC2A17";"TortoiseHg";"";"";"";"";"";"";"";"";"";"";"";"";"";"";"";"";"";"";"";"";"";"";"";"";"";"";"";"";"";"";"";"";"";""
"\BMB\FCEV\35_StackA\SL01\FCEV_Teilebereitstellungsplatz1\06_Documentation_electrical";"6DDD496AC857452E8FA60486F1BE5F0F";"92C0A27244874765A4FCC53196DC1922";"06_Documentation_electrical";"";"";"";"";"";"";"";"";"";"";"";"";"";"";"";"";"";"";"";"";"";"";"";"";"";"";"";"";"";"";"";"";"";""
"\BMB\SE\TP3\TL01\20.6\Validierung";"74C0E45BABDA445D96C4B93351845C52";"D75DB95E6B8D4D6197F3CEC05CE14ED7";"Documentation";"";"";"";"";"";"";"";"";"";"";"";"";"";"";"";"";"";"";"";"";"";"";"";"";"";"";"";"";"";"";"";"";"";""
"\BMB\Extern\RBCD\FCEV\FCEV_Stacker2\OPCON_000A620\SettingData\StationData";"781B0968D35E4841B1BDDC4C72BD13C9";"56C7E3817715414EB1772B1FAE3A1A54";"SettingData";"";"";"";"";"";"";"";"";"";"";"";"";"";"";"";"";"";"";"";"";"";"";"";"";"";"";"";"";"";"";"";"";"";""
"\BMB\Extern\RBCD\FCEV\FCEV_Stacker2\OPCON_000A620\RobotData\Wp104A740";"784D7D6A8963489EAE493CA72B3C9234";"D4C4519D18464CEC967780EC04E48158";"RobotData";"";"";"";"";"";"";"";"";"";"";"";"";"";"";"";"";"";"";"";"";"";"";"";"";"";"";"";"";"";"";"";"";"";""
"\BMB\HDEV6\540\Staeubli_A120A740";"786D6764241E453CAF805DC340B74070";"899CB500D3684F61872B56F71BD11F38";"Stäubli CS8C (SRS TransferManager Skript)";"";"";"";"";"";"";"";"";"";"";"";"";"";"";"";"";"";"";"";"";"";"";"";"";"";"";"";"";"";"";"";"";"";""
"\BMB\Extern\RBCD\FCEV\FCEV_Stacker2\OPCON_000A620\RobotData\Wp105A740";"7979B63FB8334E93AE3B9396D5C6BB13";"D4C4519D18464CEC967780EC04E48158";"RobotData";"";"";"";"";"";"";"";"";"";"";"";"";"";"";"";"";"";"";"";"";"";"";"";"";"";"";"";"";"";"";"";"";"";""
"\BMB\FCEV\35_StackA\SL01\510\Sistema";"7B4D64EF055C4005BBCE9E244D1B6249";"D75DB95E6B8D4D6197F3CEC05CE14ED7";"Documentation";"";"";"";"";"";"";"";"";"";"";"";"";"";"";"";"";"";"";"";"";"";"";"";"";"";"";"";"";"";"";"";"";"";""
"\BMB\HDEV6\250\Staeubli_B170A740";"7B7A3995BF804B7A8C9927E3331F985E";"899CB500D3684F61872B56F71BD11F38";"Stäubli CS8C (SRS TransferManager Skript)";"";"";"";"";"";"";"";"";"";"";"";"";"";"";"";"";"";"";"";"";"";"";"";"";"";"";"";"";"";"";"";"";"";""
"\BMB\SOFC\42_Subst\Sichtpruefen_Ofenbereich\E-Plan_MAE0001W2788";"7DDDFCB50BAD4566AA15B25A525629A4";"578D38BD5AB34D94ABDC540F327CC9B3";"E-Plan#";"";"";"";"";"";"";"";"";"";"";"";"";"";"";"";"";"";"";"";"";"";"";"";"";"";"";"";"";"";"";"";"";"";""
"\BMB\Extern\RBCD\FCEV\FCEV_Stacker2\Sistema";"7E8372BDD9574F60A0B237993C1929FC";"EC6104915E944C579D9009F521991C6E";"Document_l(D)#";"";"";"";"";"";"";"";"";"";"";"";"";"";"";"";"";"";"";"";"";"";"";"";"";"";"";"";"";"";"";"";"";"";""
"\BMB\Extern\RBCD\FCEV\FCEV_Stacker2\IndraDrive_103A712";"8053256E43B249C0A2B3744FFF63EB0B";"B4C165C587D24B57874A09F0BB119986";"IndraDrive";"";"";"";"";"";"";"";"";"";"";"";"";"";"";"";"";"";"";"";"";"";"";"";"";"";"";"";"";"";"";"";"";"";""
"\BMB\Extern\RBCD\FCEV\FCEV_Stacker2\Staeubli_CS9_105A740";"81982338E4F445B788B8984EF17F3B4C";"7337C18E1DB446D0AE49C1ABB753D669";"Stäubli CS9";"";"";"";"";"";"";"";"";"";"";"";"";"";"";"";"";"";"";"";"";"";"";"";"";"";"";"";"";"";"";"";"";"";""
"\BMB\FCEV\30_Front\SL01\60\(_302196218_MAE0001W2795-60_BaP-TEF_FCEV-MEA-LVL-SL01-St60_)";"838EF09F5FE94CF8B02BC88DC2F5D7EF";"56B97048E7C74A6B8D6CD6E4612881F2";"(_Equip-Nr_SP-Nr_Man-Name_O-MAE-Typ_O-Name-Plain-Text_)#";"";"";"";"";"";"";"";"";"";"";"";"";"";"";"";"";"";"";"";"";"";"";"";"";"";"";"";"";"";"";"";"";"";""
"\BMB\SE\TP3\TL01\30\Validierung";"852638DA2A014F249673FE99CBD81234";"D75DB95E6B8D4D6197F3CEC05CE14ED7";"Documentation";"";"";"";"";"";"";"";"";"";"";"";"";"";"";"";"";"";"";"";"";"";"";"";"";"";"";"";"";"";"";"";"";"";""
"\BMB\SOFC\43_Coupon\140\Handling\Delivery_doc_with_elemements\Delivery_documentation\07_Inspection_documents_certificates\Sicherheitsvalidierung";"8539DC5B803844F0A7519C1763883B32";"1E29C6CDBF5A4085AA21C0A0D3F8CFAD";"PDF";"";"";"";"";"";"";"";"";"";"";"";"";"";"";"";"";"";"";"";"";"";"";"";"";"";"";"";"";"";"";"";"";"";""
"\BMB\Extern\RBCD\FCEV\FCEV_Stacker2\OPCON_000A620\StabiData\StabiData";"869671EC0D0E4C23AA55CA851201703C";"56C7E3817715414EB1772B1FAE3A1A54";"SettingData";"";"";"";"";"";"";"";"";"";"";"";"";"";"";"";"";"";"";"";"";"";"";"";"";"";"";"";"";"";"";"";"";"";""
"\BMB\FCEV\30_Front\SL01\20\(_302195855_MAE0001W2795-20_BaP-TEF_FCEV-MEA-LVL-SL01-St20_)";"8763C3A30E7E4C12B558ADEED4F86B72";"56B97048E7C74A6B8D6CD6E4612881F2";"(_Equip-Nr_SP-Nr_Man-Name_O-MAE-Typ_O-Name-Plain-Text_)#";"";"";"";"";"";"";"";"";"";"";"";"";"";"";"";"";"";"";"";"";"";"";"";"";"";"";"";"";"";"";"";"";"";""
"\BMB\SOFC\40_Repeat\420\BA302173477_O1003_TruLaser Cell 3000";"8B3D1A57FB0149319DD1C15D18004778";"56B97048E7C74A6B8D6CD6E4612881F2";"(_Equip-Nr_SP-Nr_Man-Name_O-MAE-Typ_O-Name-Plain-Text_)#";"";"";"";"";"";"";"";"";"";"";"";"";"";"";"";"";"";"";"";"";"";"";"";"";"";"";"";"";"";"";"";"";"";""
"\BMB\HDEV6\230\Staeubli_C120A740";"8E17DE1A755E43458FBA7DC7241DEA94";"899CB500D3684F61872B56F71BD11F38";"Stäubli CS8C (SRS TransferManager Skript)";"";"";"";"";"";"";"";"";"";"";"";"";"";"";"";"";"";"";"";"";"";"";"";"";"";"";"";"";"";"";"";"";"";""
"\BMB\Extern\RBCD\FCEV\AOI-Cell_RBCD-1\Delivery_documentation\07_Inspection_documents_certificates\DGUV_protocol";"8F8D985A52054B109E29D44C97B09AFE";"1E29C6CDBF5A4085AA21C0A0D3F8CFAD";"PDF";"";"";"";"";"";"";"";"";"";"";"";"";"";"";"";"";"";"";"";"";"";"";"";"";"";"";"";"";"";"";"";"";"";""
"\BMB\FCEV\35_StackA\SL01\510\302176171_O1005_Stacker-FCEV";"9002CA3DDA414712B0834E64A5CC075D";"56B97048E7C74A6B8D6CD6E4612881F2";"(_Equip-Nr_SP-Nr_Man-Name_O-MAE-Typ_O-Name-Plain-Text_)#";"";"";"";"";"";"";"";"";"";"";"";"";"";"";"";"";"";"";"";"";"";"";"";"";"";"";"";"";"";"";"";"";"";""
"\BMB\HDEV6\220\PLC_000A620";"90256FD5D8B34D969C4E94973348B20C";"44EF6F4AC8FE4F05AB06EABDF1373431";"OpConplus_OES4.x";"";"";"";"";"";"";"";"";"";"";"";"";"";"";"";"";"";"";"";"";"";"";"";"";"";"";"";"";"";"";"";"";"";""
"\BMB\FCEV\36_Test\SL01\TEF_100W_1\EPLAN P8";"90E3D84C82F743B6ADD83272B22C4F90";"3E8D36E2622C4FF696EC7BE6276A7AA1";"EPLAN P8";"";"";"";"";"";"";"";"";"";"";"";"";"";"";"";"";"";"";"";"";"";"";"";"";"";"";"";"";"";"";"";"";"";""
"\BMB\Extern\RBCD\FCEV\FCEV_Stacker2\Safety_Validation";"91A477EE9EDB4FAAACB1C2DEE3294A11";"EC6104915E944C579D9009F521991C6E";"Document_l(D)#";"";"";"";"";"";"";"";"";"";"";"";"";"";"";"";"";"";"";"";"";"";"";"";"";"";"";"";"";"";"";"";"";"";""
"\BMB\FCEV\BPP-Montage\Laser-Welding\20\MX_0190W001_Bap_Laser-Welding";"930188D9E7314A93B479095FD4BC7440";"56B97048E7C74A6B8D6CD6E4612881F2";"(_Equip-Nr_SP-Nr_Man-Name_O-MAE-Typ_O-Name-Plain-Text_)#";"";"";"";"";"";"";"";"";"";"";"";"";"";"";"";"";"";"";"";"";"";"";"";"";"";"";"";"";"";"";"";"";"";""
"\BMB\SOFC\41_Conn\Bestuecken_Maske\E-Plan_MAE0001W2793";"958795FAF4C74529A034A4E8AF812F31";"578D38BD5AB34D94ABDC540F327CC9B3";"E-Plan#";"";"";"";"";"";"";"";"";"";"";"";"";"";"";"";"";"";"";"";"";"";"";"";"";"";"";"";"";"";"";"";"";"";""
"\BMB\SOFC\42_Subst\400\E-Plan_MAE0001W2790";"9A4F690BBFE64B31B5A89CFE3280E87F";"578D38BD5AB34D94ABDC540F327CC9B3";"E-Plan#";"";"";"";"";"";"";"";"";"";"";"";"";"";"";"";"";"";"";"";"";"";"";"";"";"";"";"";"";"";"";"";"";"";""
"\BMB\FCEV\30_Front\SL01\20\Safety_Validation_MAE0001W2795-20";"9AFD91244A3942C1A95A5376BF3CDCAA";"D75DB95E6B8D4D6197F3CEC05CE14ED7";"Documentation";"";"";"";"";"";"";"";"";"";"";"";"";"";"";"";"";"";"";"";"";"";"";"";"";"";"";"";"";"";"";"";"";"";""
"\BMB\SOFC\41_Conn\Entstuecken_Maske\E-Plan_MAE0001W2794";"9BABCE0972714C82811D72F9909BFB0F";"578D38BD5AB34D94ABDC540F327CC9B3";"E-Plan#";"";"";"";"";"";"";"";"";"";"";"";"";"";"";"";"";"";"";"";"";"";"";"";"";"";"";"";"";"";"";"";"";"";""
"\BMB\FCEV\35_StackA\SL01\FCEV_Teilebereitstellungsplatz1\EPLAN P8";"9F508584D2D34C0EA330759F0BBE8BC8";"3E8D36E2622C4FF696EC7BE6276A7AA1";"EPLAN P8";"";"";"";"";"";"";"";"";"";"";"";"";"";"";"";"";"";"";"";"";"";"";"";"";"";"";"";"";"";"";"";"";"";""
"\BMB\Extern\RBCD\FCEV\FCEV_Stacker2\Delivery_documentation\09_Documents_BaP\PDF";"9F6726DBB0404B39B8AC60CB383705B4";"1E29C6CDBF5A4085AA21C0A0D3F8CFAD";"PDF";"";"";"";"";"";"";"";"";"";"";"";"";"";"";"";"";"";"";"";"";"";"";"";"";"";"";"";"";"";"";"";"";"";""
"\BMB\FCEV\30_Front\SL01\10\(_302195854_MAE0001W2795-10_Spilker_FCEV-MEA-LVL-SL01-St10_)";"9F748FC8FE1342DDBC7E499AB1D492C3";"56B97048E7C74A6B8D6CD6E4612881F2";"(_Equip-Nr_SP-Nr_Man-Name_O-MAE-Typ_O-Name-Plain-Text_)#";"";"";"";"";"";"";"";"";"";"";"";"";"";"";"";"";"";"";"";"";"";"";"";"";"";"";"";"";"";"";"";"";"";""
"\BMB\Nozzle\11_Soft\70\200\Sistema";"A0FC6E2261F345C9AFE9C67EAD81DC9A";"D75DB95E6B8D4D6197F3CEC05CE14ED7";"Documentation";"";"";"";"";"";"";"";"";"";"";"";"";"";"";"";"";"";"";"";"";"";"";"";"";"";"";"";"";"";"";"";"";"";""
"\BMB\SOFC\43_Coupon\161\Test2\EPLAN_O1008";"A371189325E74955935E45353B331196";"578D38BD5AB34D94ABDC540F327CC9B3";"E-Plan#";"";"";"";"";"";"";"";"";"";"";"";"";"";"";"";"";"";"";"";"";"";"";"";"";"";"";"";"";"";"";"";"";"";""
"\BMB\SE\TP3\TL01\10\Eplan_MAE0001W2805";"A3711C9270BC4B68B0132FBB7EDF611F";"578D38BD5AB34D94ABDC540F327CC9B3";"E-Plan#";"";"";"";"";"";"";"";"";"";"";"";"";"";"";"";"";"";"";"";"";"";"";"";"";"";"";"";"";"";"";"";"";"";""
"\BMB\Extern\RBCD\FCEV\FCEV_Teilebereitstellungsplatz2\EPLAN P8";"A3B3A0828454492D97B4D9363DDA0EA2";"3E8D36E2622C4FF696EC7BE6276A7AA1";"EPLAN P8";"";"";"";"";"";"";"";"";"";"";"";"";"";"";"";"";"";"";"";"";"";"";"";"";"";"";"";"";"";"";"";"";"";""
"\BMB\SOFC\43_Coupon\140\Handling\EPLAN_O1044";"A440CBD647DA4A46B5823BE1190D6DC7";"578D38BD5AB34D94ABDC540F327CC9B3";"E-Plan#";"";"";"";"";"";"";"";"";"";"";"";"";"";"";"";"";"";"";"";"";"";"";"";"";"";"";"";"";"";"";"";"";"";""
"\BMB\HDEV6\540\PLC_000A620";"A6AC8D6DD2254B27A63A2B2371B44C03";"44EF6F4AC8FE4F05AB06EABDF1373431";"OpConplus_OES4.x";"";"";"";"";"";"";"";"";"";"";"";"";"";"";"";"";"";"";"";"";"";"";"";"";"";"";"";"";"";"";"";"";"";""
"\BMB\HDEV6\210\PLC_000A620";"AAB81FB9826349C58418629FB931EFFD";"44EF6F4AC8FE4F05AB06EABDF1373431";"OpConplus_OES4.x";"";"";"";"";"";"";"";"";"";"";"";"";"";"";"";"";"";"";"";"";"";"";"";"";"";"";"";"";"";"";"";"";"";""
"\BMB\CRI3\12_SMM\12_HVL\011\205252827_W4451_BaP-TEF_CRI3-NCS-SMML-St11)";"AB016D46F15B4B60AF8BAE7D82A68864";"56B97048E7C74A6B8D6CD6E4612881F2";"(_Equip-Nr_SP-Nr_Man-Name_O-MAE-Typ_O-Name-Plain-Text_)#";"";"";"";"";"";"";"";"";"";"";"";"";"";"";"";"";"";"";"";"";"";"";"";"";"";"";"";"";"";"";"";"";"";""
"\BMB\Extern\RBCD\FCEV\AOI-Cell_RBCD-1\Validierung_MAE0001W2828";"AB5A597B47784F44B76A28F97A84C900";"D75DB95E6B8D4D6197F3CEC05CE14ED7";"Documentation";"";"";"";"";"";"";"";"";"";"";"";"";"";"";"";"";"";"";"";"";"";"";"";"";"";"";"";"";"";"";"";"";"";""
"\BMB\Extern\RBCD\FCEV\FCEV_Stacker2\(_Equip-Nr_SP-Nr_Man-Name_O-MAE-Typ_O-Name-Klartext_)";"ADDB7EFB143B4330B5EADD35C48855B8";"56B97048E7C74A6B8D6CD6E4612881F2";"(_Equip-Nr_SP-Nr_Man-Name_O-MAE-Typ_O-Name-Plain-Text_)#";"";"";"";"";"";"";"";"";"";"";"";"";"";"";"";"";"";"";"";"";"";"";"";"";"";"";"";"";"";"";"";"";"";""
"\BMB\CRI3\12_SMM\12_HVL\011\Safety_Validation_W4451";"ADF59AC7CC284F59AF947D4DFE233247";"D75DB95E6B8D4D6197F3CEC05CE14ED7";"Documentation";"";"";"";"";"";"";"";"";"";"";"";"";"";"";"";"";"";"";"";"";"";"";"";"";"";"";"";"";"";"";"";"";"";""
"\BMB\FCEV\BPP-Montage\AOI-Cell_BaP-1\E-Plan_MAE0001W2827";"AF9DA78707D94CD7BFD0510F1293D118";"578D38BD5AB34D94ABDC540F327CC9B3";"E-Plan#";"";"";"";"";"";"";"";"";"";"";"";"";"";"";"";"";"";"";"";"";"";"";"";"";"";"";"";"";"";"";"";"";"";""
"\BMB\Extern\RBCD\FCEV\FCEV_Stacker2\Delivery_documentation\06_Documentation_electrical\Schunk teachable Initiator BMF00JH";"AFA4C32E3C214ED3A20C8C152C9FD452";"1E29C6CDBF5A4085AA21C0A0D3F8CFAD";"PDF";"";"";"";"";"";"";"";"";"";"";"";"";"";"";"";"";"";"";"";"";"";"";"";"";"";"";"";"";"";"";"";"";"";""
"\BMB\FCEV\BPP-Montage\AOI-Cell_BaP-1\Validierung_MAE0001W2827";"B0DEA2CCF6CD47958759F9D282C10721";"D75DB95E6B8D4D6197F3CEC05CE14ED7";"Documentation";"";"";"";"";"";"";"";"";"";"";"";"";"";"";"";"";"";"";"";"";"";"";"";"";"";"";"";"";"";"";"";"";"";""
"\BMB\Extern\RBCD\FCEV\FCEV_Stacker2\IndraDrive_105A713";"B58EFCB8557849E4912FDED47C6BBB30";"B4C165C587D24B57874A09F0BB119986";"IndraDrive";"";"";"";"";"";"";"";"";"";"";"";"";"";"";"";"";"";"";"";"";"";"";"";"";"";"";"";"";"";"";"";"";"";""
"\BMB\SE\TP3\TL01\20.3\Eplan_MAE0001W2806-03";"B835C998C4D5435D9045E025BF03071C";"578D38BD5AB34D94ABDC540F327CC9B3";"E-Plan#";"";"";"";"";"";"";"";"";"";"";"";"";"";"";"";"";"";"";"";"";"";"";"";"";"";"";"";"";"";"";"";"";"";""
"\BMB\HDEV6\250\PLC_000A620";"B89FC0E592DE4A14B5843A67919176FC";"44EF6F4AC8FE4F05AB06EABDF1373431";"OpConplus_OES4.x";"";"";"";"";"";"";"";"";"";"";"";"";"";"";"";"";"";"";"";"";"";"";"";"";"";"";"";"";"";"";"";"";"";""
"\BMB\FCEV\30_Front\SL01\10\Safety_Validation_MAE0001W2795-10_MA2100006_21095";"BB07766507E241BF979FE15EF57E8C93";"D75DB95E6B8D4D6197F3CEC05CE14ED7";"Documentation";"";"";"";"";"";"";"";"";"";"";"";"";"";"";"";"";"";"";"";"";"";"";"";"";"";"";"";"";"";"";"";"";"";""
"\BMB\Extern\RBCD\FCEV\AOI-Cell_RBCD-1\Sistema_MAE0001W2828";"BBFCC4A393964FE1AF782FBE8C265480";"D75DB95E6B8D4D6197F3CEC05CE14ED7";"Documentation";"";"";"";"";"";"";"";"";"";"";"";"";"";"";"";"";"";"";"";"";"";"";"";"";"";"";"";"";"";"";"";"";"";""
"\BMB\SOFC\41_Conn\Sichtpruefen_IR-Cat_und_Laserdrilling\E-Plan_MAE0001W2789";"BDE3D8DEA8A640478C804B4A413BF0C4";"578D38BD5AB34D94ABDC540F327CC9B3";"E-Plan#";"";"";"";"";"";"";"";"";"";"";"";"";"";"";"";"";"";"";"";"";"";"";"";"";"";"";"";"";"";"";"";"";"";""
"\BMB\FCEV\30_Front\SL01\70\NEXEED_000A620\TortoiseHg";"C0DB052264DE44BEB178A2A676B0144C";"0FA311EBEA30478A89F1F7A160FC2A17";"TortoiseHg";"";"";"";"";"";"";"";"";"";"";"";"";"";"";"";"";"";"";"";"";"";"";"";"";"";"";"";"";"";"";"";"";"";""
"\BMB\FCEV\30_Front\SL01\30\(_302195856_MAE0001W2795-30_Spilker_FCEV-MEA-LVL-SL01-St30_)";"C68AEF2843864CF98725D157A9474145";"56B97048E7C74A6B8D6CD6E4612881F2";"(_Equip-Nr_SP-Nr_Man-Name_O-MAE-Typ_O-Name-Plain-Text_)#";"";"";"";"";"";"";"";"";"";"";"";"";"";"";"";"";"";"";"";"";"";"";"";"";"";"";"";"";"";"";"";"";"";""
"\BMB\HDEV6\545\Staeubli_A120A740";"C95821D0F62D43788E3E75221C09EDE4";"899CB500D3684F61872B56F71BD11F38";"Stäubli CS8C (SRS TransferManager Skript)";"";"";"";"";"";"";"";"";"";"";"";"";"";"";"";"";"";"";"";"";"";"";"";"";"";"";"";"";"";"";"";"";"";""
"\BMB\Extern\RBCD\FCEV\FCEV_Stacker2\IndraDrive_105A712";"CA6347CEE33546778CE48B30247F5B69";"B4C165C587D24B57874A09F0BB119986";"IndraDrive";"";"";"";"";"";"";"";"";"";"";"";"";"";"";"";"";"";"";"";"";"";"";"";"";"";"";"";"";"";"";"";"";"";""
"\BMB\FCEV\30_Front\SL01\41\EPLAN_MAE0001W2795-41";"CB0F7C04EEAA4FC090B9423615AF9DA8";"3E8D36E2622C4FF696EC7BE6276A7AA1";"EPLAN P8";"";"";"";"";"";"";"";"";"";"";"";"";"";"";"";"";"";"";"";"";"";"";"";"";"";"";"";"";"";"";"";"";"";""
"\BMB\SE\406_Grauraum\070_Laserabgleich\LSU5.2 Selektion MAE0001W2824\Sistema";"CB87D39E0BF64A67B7945C1A5A286CD8";"D75DB95E6B8D4D6197F3CEC05CE14ED7";"Documentation";"";"";"";"";"";"";"";"";"";"";"";"";"";"";"";"";"";"";"";"";"";"";"";"";"";"";"";"";"";"";"";"";"";""
"\BMB\CRI3\12_SMM\12_HVL\010\Sistema_W4370";"CD423CC6F0814B74AF5D64C182F68180";"D75DB95E6B8D4D6197F3CEC05CE14ED7";"Documentation";"";"";"";"";"";"";"";"";"";"";"";"";"";"";"";"";"";"";"";"";"";"";"";"";"";"";"";"";"";"";"";"";"";""
"\BMB\SOFC\43_Coupon\160\BA302176704_O1007_TEF_Pruefstand1";"CDDCA49444CB4C62A3DB305E23DD2034";"56B97048E7C74A6B8D6CD6E4612881F2";"(_Equip-Nr_SP-Nr_Man-Name_O-MAE-Typ_O-Name-Plain-Text_)#";"";"";"";"";"";"";"";"";"";"";"";"";"";"";"";"";"";"";"";"";"";"";"";"";"";"";"";"";"";"";"";"";"";""
"\BMB\HDEV6\240\PLC_000A620";"D019BCE76F8148DBBBEE002D6918D3E8";"44EF6F4AC8FE4F05AB06EABDF1373431";"OpConplus_OES4.x";"";"";"";"";"";"";"";"";"";"";"";"";"";"";"";"";"";"";"";"";"";"";"";"";"";"";"";"";"";"";"";"";"";""
"\BMB\Extern\RBCD\FCEV\FCEV_Stacker2\Staeubli_CS9_104A740";"D1DA4F50D7CC4216903EC5444C433883";"7337C18E1DB446D0AE49C1ABB753D669";"Stäubli CS9";"";"";"";"";"";"";"";"";"";"";"";"";"";"";"";"";"";"";"";"";"";"";"";"";"";"";"";"";"";"";"";"";"";""
"\BMB\FCEV\30_Front\SL01\60\NEXEED_000A620\TortoiseHg";"D32DC6C7E80D49DC998ADA8761664849";"0FA311EBEA30478A89F1F7A160FC2A17";"TortoiseHg";"";"";"";"";"";"";"";"";"";"";"";"";"";"";"";"";"";"";"";"";"";"";"";"";"";"";"";"";"";"";"";"";"";""
"\BMB\Extern\RBCD\FCEV\FCEV_Stacker2\Delivery_documentation\07_Inspection_documents_certificates\Laser_tightnes";"D643DADAA72E4BD5A6A8F72212A6303A";"1E29C6CDBF5A4085AA21C0A0D3F8CFAD";"PDF";"";"";"";"";"";"";"";"";"";"";"";"";"";"";"";"";"";"";"";"";"";"";"";"";"";"";"";"";"";"";"";"";"";""
"\BMB\Extern\RBCD\FCEV\FCEV_Stacker2\OPCON_000A620\SettingData\LineData";"D775E6963CE14076A5C71FECD7ED35E5";"56C7E3817715414EB1772B1FAE3A1A54";"SettingData";"";"";"";"";"";"";"";"";"";"";"";"";"";"";"";"";"";"";"";"";"";"";"";"";"";"";"";"";"";"";"";"";"";""
"\BMB\Extern\RBCD\FCEV\FCEV_Stacker2\Delivery_documentation\02_Maintenance\PDF";"D7FA3A6068134F3A9A0F2FA913F1961C";"1E29C6CDBF5A4085AA21C0A0D3F8CFAD";"PDF";"";"";"";"";"";"";"";"";"";"";"";"";"";"";"";"";"";"";"";"";"";"";"";"";"";"";"";"";"";"";"";"";"";""
"\BMB\Extern\RBCD\FCEV\FCEV_Stacker2\PILZ PNOZmulti_000K900";"D902B870767E41F587A57F8197355D39";"7EF9379216CC4319834546BB88E25064";"PILZ PNOZmulti";"";"";"";"";"";"";"";"";"";"";"";"";"";"";"";"";"";"";"";"";"";"";"";"";"";"";"";"";"";"";"";"";"";""
"\BMB\Nozzle\11_Soft\70\200\E-Plan_MAE0001W2786";"D94D604870F84B058B15CD642A491A42";"578D38BD5AB34D94ABDC540F327CC9B3";"E-Plan#";"";"";"";"";"";"";"";"";"";"";"";"";"";"";"";"";"";"";"";"";"";"";"";"";"";"";"";"";"";"";"";"";"";""
"\BMB\SE\TP3\TL01\20.6\Eplan_MAE0001W2806-06";"DA96938AACDB414EAC532EBA85C405BA";"578D38BD5AB34D94ABDC540F327CC9B3";"E-Plan#";"";"";"";"";"";"";"";"";"";"";"";"";"";"";"";"";"";"";"";"";"";"";"";"";"";"";"";"";"";"";"";"";"";""
"\BMB\SOFC\41_Conn\400\E-Plan_MAE0001W2792";"DE257C77861844A48472DF91D606438B";"578D38BD5AB34D94ABDC540F327CC9B3";"E-Plan#";"";"";"";"";"";"";"";"";"";"";"";"";"";"";"";"";"";"";"";"";"";"";"";"";"";"";"";"";"";"";"";"";"";""
"\BMB\FCEV\30_Front\SL01\50\NEXEED_000A620\TortoiseHg";"E1A0D32FF4DA40A99DE89C33ACCF3832";"0FA311EBEA30478A89F1F7A160FC2A17";"TortoiseHg";"";"";"";"";"";"";"";"";"";"";"";"";"";"";"";"";"";"";"";"";"";"";"";"";"";"";"";"";"";"";"";"";"";""
"\BMB\HDEV6\250\Staeubli_B120A740";"E44EDE7F0CDC4805894BDFCD15303E5E";"899CB500D3684F61872B56F71BD11F38";"Stäubli CS8C (SRS TransferManager Skript)";"";"";"";"";"";"";"";"";"";"";"";"";"";"";"";"";"";"";"";"";"";"";"";"";"";"";"";"";"";"";"";"";"";""
"\BMB\HDEV6\210\Staeubli_A160A740";"E6558FF92E9941C1A2D43C96D9A55B01";"899CB500D3684F61872B56F71BD11F38";"Stäubli CS8C (SRS TransferManager Skript)";"";"";"";"";"";"";"";"";"";"";"";"";"";"";"";"";"";"";"";"";"";"";"";"";"";"";"";"";"";"";"";"";"";""
"\BMB\Extern\RBCD\FCEV\FCEV_Stacker2\IndraDrive_103A711";"E8725CDB4A5245A3BB4F82ADACA3127B";"B4C165C587D24B57874A09F0BB119986";"IndraDrive";"";"";"";"";"";"";"";"";"";"";"";"";"";"";"";"";"";"";"";"";"";"";"";"";"";"";"";"";"";"";"";"";"";""
"\BMB\Extern\RBCD\FCEV\FCEV_Stacker2\Delivery_documentation\01_Operating_instruction\PDF";"EE4B7B3F16084E8B994C8340D92826B9";"1E29C6CDBF5A4085AA21C0A0D3F8CFAD";"PDF";"";"";"";"";"";"";"";"";"";"";"";"";"";"";"";"";"";"";"";"";"";"";"";"";"";"";"";"";"";"";"";"";"";""
"\BMB\FCEV\30_Front\SL01\50\EPLAN_MAE0001W2795-50";"EF90DDD47A4C42518DD73DE32D2023DC";"3E8D36E2622C4FF696EC7BE6276A7AA1";"EPLAN P8";"";"";"";"";"";"";"";"";"";"";"";"";"";"";"";"";"";"";"";"";"";"";"";"";"";"";"";"";"";"";"";"";"";""
"\BMB\HDEV6\230\PLC_000A620";"EFCEE0874B014AAE98BFFFECAB95C1D7";"44EF6F4AC8FE4F05AB06EABDF1373431";"OpConplus_OES4.x";"";"";"";"";"";"";"";"";"";"";"";"";"";"";"";"";"";"";"";"";"";"";"";"";"";"";"";"";"";"";"";"";"";""
"\BMB\Extern\RBCD\FCEV\FCEV_Teilebereitstellungsplatz2\06_Documentation_electrical";"F09B457CFAD242D3B88BD560E0032CCD";"92C0A27244874765A4FCC53196DC1922";"06_Documentation_electrical";"";"";"";"";"";"";"";"";"";"";"";"";"";"";"";"";"";"";"";"";"";"";"";"";"";"";"";"";"";"";"";"";"";""
"\BMB\Extern\RBCD\FCEV\FCEV_Stacker2\Keyence_Scanner_000A830";"F1CD2FF2FA8B4F40B5696C182E3C1B69";"927E876868C6494F82DCD619F5909AF4";"Keyence Scanner";"";"";"";"";"";"";"";"";"";"";"";"";"";"";"";"";"";"";"";"";"";"";"";"";"";"";"";"";"";"";"";"";"";""
"\BMB\Extern\RBCD\FCEV\FCEV_Stacker2\PLC_000A620_Standard";"F325B8E54B9546DFBBB0407E08B257C3";"5B36385D53A14D22AAB26B8992885F23";"OpConPlus-Standard_Std";"";"";"";"";"";"";"";"";"";"";"";"";"";"";"";"";"";"";"";"";"";"";"";"";"";"";"";"";"";"";"";"";"";""
"\BMB\SE\TP3\TL01\30\Sistema";"F3504D117A58479C92BB61179B23FB2C";"D75DB95E6B8D4D6197F3CEC05CE14ED7";"Documentation";"";"";"";"";"";"";"";"";"";"";"";"";"";"";"";"";"";"";"";"";"";"";"";"";"";"";"";"";"";"";"";"";"";""
"\BMB\FCEV\35_StackA\SL01\510\EPLAN_O1005";"F50BEA203A994836BE95BA89DE3E2F81";"3E8D36E2622C4FF696EC7BE6276A7AA1";"EPLAN P8";"";"";"";"";"";"";"";"";"";"";"";"";"";"";"";"";"";"";"";"";"";"";"";"";"";"";"";"";"";"";"";"";"";""
"\BMB\TEF3\Training\Roboter\Staubli_CS9\E-Plan_ProjectNr";"F5B71FF535F145DD89A4AD68F97A404A";"578D38BD5AB34D94ABDC540F327CC9B3";"E-Plan#";"";"";"";"";"";"";"";"";"";"";"";"";"";"";"";"";"";"";"";"";"";"";"";"";"";"";"";"";"";"";"";"";"";""
"\BMB\Extern\RBCD\FCEV\FCEV_Stacker2\PLC_000A620";"F736CECBCD084E3C9F5046F12577327A";"44EF6F4AC8FE4F05AB06EABDF1373431";"OpConplus_OES4.x";"";"";"";"";"";"";"";"";"";"";"";"";"";"";"";"";"";"";"";"";"";"";"";"";"";"";"";"";"";"";"";"";"";""
"\BMB\SE\TP3\TL01\30\Eplan_MAE0001W2807";"FBE4A7DDA5254B5584796B0154A52890";"578D38BD5AB34D94ABDC540F327CC9B3";"E-Plan#";"";"";"";"";"";"";"";"";"";"";"";"";"";"";"";"";"";"";"";"";"";"";"";"";"";"";"";"";"";"";"";"";"";""
"\BMB\Extern\RBCD\FCEV\FCEV_Stacker2\Delivery_documentation\05_Catalog_parts_mechanical-electrical\PDF";"FCA84561CD8F4318AC9F4F00E3E93682";"1E29C6CDBF5A4085AA21C0A0D3F8CFAD";"PDF";"";"";"";"";"";"";"";"";"";"";"";"";"";"";"";"";"";"";"";"";"";"";"";"";"";"";"";"";"";"";"";"";"";""
"\BMB\SE\TP3\TL01\40\Eplan_MAE0001W2808";"FE20E6D5427441508A61D119A4E261AE";"578D38BD5AB34D94ABDC540F327CC9B3";"E-Plan#";"";"";"";"";"";"";"";"";"";"";"";"";"";"";"";"";"";"";"";"";"";"";"";"";"";"";"";"";"";"";"";"";"";""
"\BMB\FCEV\30_Front\SL01\40\(_302196216_MAE0001W2795-40_Spilker_FCEV-MEA-LVL-SL01-St40_)";"FF64EC7A094D472EA6BBA503BCFF7565";"56B97048E7C74A6B8D6CD6E4612881F2";"(_Equip-Nr_SP-Nr_Man-Name_O-MAE-Typ_O-Name-Plain-Text_)#";"";"";"";"";"";"";"";"";"";"";"";"";"";"";"";"";"";"";"";"";"";"";"";"";"";"";"";"";"";"";"";"";"";""
