Factory,HDEV6,Stage/Product Line/SL,Component,Path,Create Date
Factory Bamberg,HDEV6,/test/,Json,D:/vdSA/Ba/HDEV6/test/ARCHIVE/Json/20220808.000,2022-08-08
Factory Bamberg,HDEV6,/test/,Json,D:/vdSA/Ba/HDEV6/test/ARCHIVE/Json/20220808.001,2022-08-08
Factory Bamberg,HDEV6,/test/,Json,D:/vdSA/Ba/HDEV6/test/ARCHIVE/Json/20220808.002,2022-08-08
Factory Bamberg,HDEV6,/test/,Json,D:/vdSA/Ba/HDEV6/test/ARCHIVE/Json/20220808.003,2022-08-08
Factory Bamberg,HDEV6,/test/,Json,D:/vdSA/Ba/HDEV6/test/ARCHIVE/Json/20220808.004,2022-08-08
Factory Bamberg,HDEV6,/test/,Json,D:/vdSA/Ba/HDEV6/test/ARCHIVE/Json/20220808.005,2022-08-08
Factory Bamberg,HDEV6,/test/,Json,D:/vdSA/Ba/HDEV6/test/ARCHIVE/Json/20220808.006,2022-08-08
Factory Bamberg,HDEV6,/test/,Json,D:/vdSA/Ba/HDEV6/test/ARCHIVE/Json/20220808.007,2022-08-08
Factory Bamberg,HDEV6,/test/,Json,D:/vdSA/Ba/HDEV6/test/ARCHIVE/Json/20220808.008,2022-08-08
Factory Bamberg,HDEV6,/test/,Json,D:/vdSA/Ba/HDEV6/test/ARCHIVE/Json/20220808.009,2022-08-08
Factory Bamberg,HDEV6,/test/,Json,D:/vdSA/Ba/HDEV6/test/ARCHIVE/Json/20220809.000,2022-08-09
Factory Bamberg,HDEV6,/test/,Json1,D:/vdSA/Ba/HDEV6/test/ARCHIVE/Json1/20220808.000,2022-08-08
